id;parroquia;id_canton
1;BELLAVISTA;1
2;CAÑARIBAMBA;1
3;EL BATÁN;1
4;EL SAGRARIO;1
5;EL VECINO;1
6;GIL RAMÍREZ DÁVALOS;1
7;HUAYNACÁPAC;1
8;MACHÁNGARA;1
9;MONAY;1
10;SAN BLAS;1
11;SAN SEBASTIÁN;1
12;SUCRE;1
13;TOTORACOCHA;1
14;YANUNCAY;1
15;HERMANO MIGUEL;1
16;CUENCA;1
17;BAÑOS;1
18;CUMBE;1
19;CHAUCHA;1
20;CHECA (JIDCAY);1
21;CHIQUINTAD;1
22;LLACAO;1
23;MOLLETURO;1
24;NULTI;1
25;OCTAVIO CORDERO PALACIOS (SANTA ROSA);1
26;PACCHA;1
27;QUINGEO;1
28;RICAURTE;1
29;SAN JOAQUÍN;1
30;SANTA ANA;1
31;SAYAUSÍ;1
32;SIDCAY;1
33;SININCAY;1
34;TARQUI;1
35;TURI;1
36;VALLE;1
37;VICTORIA DEL PORTETE (IRQUIS);1
38;GIRÓN;2
39;ASUNCIÓN;2
40;SAN GERARDO;2
41;GUALACEO;3
42;CHORDELEG;3
43;DANIEL CÓRDOVA TORAL (EL ORIENTE);3
44;JADÁN;3
45;MARIANO MORENO;3
46;PRINCIPAL;3
47;REMIGIO CRESPO TORAL (GÚLAG);3
48;SAN JUAN;3
49;ZHIDMAD;3
50;LUIS CORDERO VEGA;3
51;SIMÓN BOLÍVAR (CAB. EN GAÑANZOL);3
52;NABÓN;4
53;COCHAPATA;4
54;EL PROGRESO (CAB.EN ZHOTA);4
55;LAS NIEVES (CHAYA);4
56;OÑA;4
57;PAUTE;5
58;AMALUZA;5
59;BULÁN (JOSÉ VÍCTOR IZQUIERDO);5
60;CHICÁN (GUILLERMO ORTEGA);5
61;EL CABO;5
62;GUACHAPALA;5
63;GUARAINAG;5
64;PALMAS;5
65;PAN;5
66;SAN CRISTÓBAL (CARLOS ORDÓÑEZ LAZO);5
67;SEVILLA DE ORO;5
68;TOMEBAMBA;5
69;DUG DUG;5
70;PUCARÁ;6
71;CAMILO PONCE ENRÍQUEZ (CAB. EN RÍO 7 DE MOLLEPONGO;6
72;SAN RAFAEL DE SHARUG;6
73;SAN FERNANDO;7
74;CHUMBLÍN;7
75;SANTA ISABEL (CHAGUARURCO);8
76;ABDÓN CALDERÓN (LA UNIÓN);8
77;EL CARMEN DE PIJILÍ;8
78;ZHAGLLI (SHAGLLI);8
79;SAN SALVADOR DE CAÑARIBAMBA;8
80;SIGSIG;9
81;CUCHIL (CUTCHIL);9
82;GIMA;9
83;GUEL;9
84;LUDO;9
85;SAN BARTOLOMÉ;9
86;SAN JOSÉ DE RARANGA;9
87;SAN FELIPE DE OÑA CABECERA CANTONAL;10
88;SUSUDEL;10
89;CHORDELEG;11
90;PRINCIPAL;11
91;LA UNIÓN;11
92;LUIS GALARZA ORELLANA (CAB.EN DELEGSOL);11
93;SAN MARTÍN DE PUZHIO;11
94;EL PAN;12
95;AMALUZA;12
96;PALMAS;12
97;SAN VICENTE;12
98;SEVILLA DE ORO;13
99;AMALUZA;13
100;PALMAS;13
101;GUACHAPALA;14
102;CAMILO PONCE ENRÍQUEZ;15
103;EL CARMEN DE PIJILÍ;15
104;CALUMA;16
105;CHILLANES;17
106;SAN JOSÉ DEL TAMBO (TAMBOPAMBA);17
107;ASUNCIÓN (ASANCOTO);18
108;CALUMA;18
109;MAGDALENA (CHAPACOTO);18
110;SAN JOSÉ DE CHIMBO;18
111;SAN SEBASTIÁN;18
112;TELIMBELA;18
113;ECHEANDÍA;19
114;ÁNGEL POLIBIO CHÁVES;20
115;FACUNDO VELA;20
116;GABRIEL IGNACIO VEINTIMILLA;20
117;GUANUJO;20
118;GUARANDA;20
119;JULIO E. MORENO (CATANAHUÁN GRANDE);20
120;LAS NAVES;20
121;SALINAS;20
122;SAN LORENZO;20
123;SAN LUIS DE PAMBIL;20
124;SAN SIMÓN (YACOTO);20
125;SANTA FÉ (SANTA FÉ);20
126;SIMIÁTUG;20
127;LAS MERCEDES;21
128;LAS NAVES;21
129;BALSAPAMBA;22
130;BILOVÁN;22
131;RÉGULO DE MORA;22
132;SAN MIGUEL;22
133;SAN PABLO (SAN PABLO DE ATENAS);22
134;SAN VICENTE;22
135;SANTIAGO;22
136;AURELIO BAYAS MARTÍNEZ;23
137;AZOGUES;23
138;BORRERO;23
139;COJITAMBO;23
140;DÉLEG;23
141;GUAPÁN;23
142;JAVIER LOYOLA (CHUQUIPATA);23
143;LUIS CORDERO;23
144;PINDILIG;23
145;RIVERA;23
146;SAN FRANCISCO;23
147;SAN MIGUEL;23
148;SOLANO;23
149;TADAY;23
150;BIBLIÁN;24
151;JERUSALÉN;24
152;NAZÓN (CAB. EN PAMPA DE DOMÍNGUEZ);24
153;SAN FRANCISCO DE SAGEO;24
154;TURUPAMBA;24
155;CAÑAR;25
156;CHONTAMARCA;25
157;CHOROCOPTE;25
158;DUCUR;25
159;GENERAL MORALES (SOCARTE);25
160;GUALLETURO;25
161;HONORATO VÁSQUEZ (TAMBO VIEJO);25
162;INGAPIRCA;25
163;JUNCAL;25
164;SAN ANTONIO;25
165;SUSCAL;25
166;TAMBO;25
167;VENTURA;25
168;ZHUD;25
169;DÉLEG;26
170;SOLANO;26
171;EL TAMBO;27
172;LA TRONCAL;28
173;MANUEL J. CALLE;28
174;PANCHO NEGRO;28
175;SUSCAL;29
176;BOLÍVAR;30
177;GARCÍA MORENO;30
178;LOS ANDES;30
179;MONTE OLIVO;30
180;SAN RAFAEL;30
181;SAN VICENTE DE PUSIR;30
182;27 DE SEPTIEMBRE;31
183;EL ANGEL;31
184;EL ÁNGEL;31
185;EL GOALTAL;31
186;LA LIBERTAD (ALIZO);31
187;SAN ISIDRO;31
188;CONCEPCIÓN;32
189;JIJÓN Y CAAMAÑO (CAB. EN RÍO BLANCO);32
190;JUAN MONTALVO (SAN IGNACIO DE QUIL);32
191;MIRA (CHONTAHUASI);32
192;CHITÁN DE NAVARRETE;33
193;CRISTÓBAL COLÓN;33
194;FERNÁNDEZ SALVADOR;33
195;GONZÁLEZ SUÁREZ;33
196;LA PAZ;33
197;PIARTAL;33
198;SAN GABRIEL;33
199;SAN JOSÉ;33
200;HUACA;34
201;MARISCAL SUCRE;34
202;EL CARMELO (EL PUN);35
203;EL CHICAL;35
204;GONZÁLEZ SUÁREZ;35
205;HUACA;35
206;JULIO ANDRADE (OREJUELA);35
207;MALDONADO;35
208;MARISCAL SUCRE;35
209;PIOTER;35
210;SANTA MARTHA DE CUBA;35
211;TOBAR DONOSO (LA BOCANA DE CAMUMBÍ);35
212;TUFIÑO;35
213;TULCÁN;35
214;URBINA (TAYA);35
215;ACHUPALLAS;36
216;ALAUSÍ;36
217;CUMANDÁ;36
218;GUASUNTOS;36
219;HUIGRA;36
220;MULTITUD;36
221;PISTISHÍ (NARIZ DEL DIABLO);36
222;PUMALLACTA;36
223;SEVILLA;36
224;SIBAMBE;36
225;TIXÁN;36
226;CHAMBO;37
227;CAPZOL;38
228;CHUNCHI;38
229;COMPUD;38
230;GONZOL;38
231;LLAGOS;38
232;CAJABAMBA;39
233;CAÑI;39
234;COLUMBE;39
235;JUAN DE VELASCO (PANGOR);39
236;SANTIAGO DE QUITO (CAB. EN SAN ANTONIO DE QUITO);39
237;SICALPA;39
238;VILLA LA UNIÓN (CAJABAMBA);39
239;CUMANDÁ;40
240;CEBADAS;41
241;GUAMOTE;41
242;PALMIRA;41
243;EL ROSARIO;42
244;GUANANDO;42
245;GUANO;42
246;ILAPO;42
247;LA MATRIZ;42
248;LA PROVIDENCIA;42
249;SAN ANDRÉS;42
250;SAN GERARDO DE PACAICAGUÁN;42
251;SAN ISIDRO DE PATULÚ;42
252;SAN JOSÉ DEL CHAZO;42
253;SANTA FÉ DE GALÁN;42
254;VALPARAÍSO;42
255;PALLATANGA;43
256;BILBAO (CAB.EN QUILLUYACU);44
257;EL ALTAR;44
258;LA CANDELARIA;44
259;MATUS;44
260;PENIPE;44
261;PUELA;44
262;SAN ANTONIO DE BAYUSHIG;44
263;CACHA (CAB. EN MACHÁNGARA);45
264;CALPI;45
265;CUBIJÍES;45
266;FLORES;45
267;LICÁN;45
268;LICTO;45
269;LIZARZABURU;45
270;MALDONADO;45
271;PUNGALÁ;45
272;PUNÍN;45
273;QUIMIAG;45
274;RIOBAMBA;45
275;SAN JUAN;45
276;SAN LUIS;45
277;VELASCO;45
278;VELOZ;45
279;YARUQUÍES;45
280;EL CARMEN;46
281;EL TRIUNFO;46
282;GUASAGANDA (CAB.EN GUASAGANDA;46
283;LA MANÁ;46
284;PUCAYACU;46
285;11 DE NOVIEMBRE (ILINCHISI);47
286;ALAQUES (ALÁQUEZ);47
287;BELISARIO QUEVEDO (GUANAILÍN);47
288;ELOY ALFARO (SAN FELIPE);47
289;GUAITACAMA (GUAYTACAMA);47
290;IGNACIO FLORES (PARQUE FLORES);47
291;JOSEGUANGO BAJO;47
292;JUAN MONTALVO (SAN SEBASTIÁN);47
293;LA MATRIZ;47
294;LAS PAMPAS;47
295;LATACUNGA;47
296;MULALÓ;47
297;PALO QUEMADO;47
298;POALÓ;47
299;SAN BUENAVENTURA;47
300;SAN JUAN DE PASTOCALLE;47
301;SIGCHOS;47
302;TANICUCHÍ;47
303;TOACASO;47
304;EL CORAZÓN;48
305;MORASPUNGO;48
306;PINLLOPATA;48
307;RAMÓN CAMPAÑA;48
308;ANGAMARCA;49
309;CHUCCHILÁN (CHUGCHILÁN);49
310;GUANGAJE;49
311;ISINLIBÍ (ISINLIVÍ);49
312;LA VICTORIA;49
313;PILALÓ;49
314;PUJILÍ;49
315;TINGO;49
316;ZUMBAHUA;49
317;ANTONIO JOSÉ HOLGUÍN (SANTA LUCÍA);50
318;CUSUBAMBA;50
319;MULALILLO;50
320;MULLIQUINDIL (SANTA ANA);50
321;PANSALEO;50
322;SAN MIGUEL;50
323;CANCHAGUA;51
324;CHANTILÍN;51
325;COCHAPAMBA;51
326;SAQUISILÍ;51
327;CHUGCHILLÁN;52
328;ISINLIVÍ;52
329;LAS PAMPAS;52
330;PALO QUEMADO;52
331;SIGCHOS;52
332;ARENILLAS;53
333;CARCABÓN;53
334;CHACRAS;53
335;LA LIBERTAD;53
336;LAS LAJAS (CAB. EN LA VICTORIA);53
337;PALMALES;53
338;AYAPAMBA;54
339;CORDONCILLO;54
340;MILAGRO;54
341;PACCHA;54
342;SAN JOSÉ;54
343;SAN JUAN DE CERRO AZUL;54
344;BALSAS;55
345;BELLAMARÍA;55
346;CHILLA;56
347;BARBONES (SUCRE);57
348;EL GUABO;57
349;LA IBERIA;57
350;RÍO BONITO;57
351;TENDALES (CAB.EN PUERTO TENDALES);57
352;ECUADOR;58
353;EL PARAÍSO;58
354;HUALTACO;58
355;HUAQUILLAS;58
356;MILTON REYES;58
357;UNIÓN LOJANA;58
358;EL PARAÍSO;59
359;LA LIBERTAD;59
360;LA VICTORIA;59
361;PLATANILLOS;59
362;SAN ISIDRO;59
363;VALLE HERMOSO;59
364;EL CAMBIO;60
365;EL RETIRO;60
366;LA PROVIDENCIA;60
367;MACHALA;60
368;NUEVE DE MAYO;60
369;PUERTO BOLÍVAR;60
370;EL INGENIO;61
371;MARCABELÍ;61
372;BOLÍVAR;62
373;BUENAVISTA;62
374;CAÑAQUEMADA;62
375;CASACAY;62
376;LA PEAÑA;62
377;LOMA DE FRANCO;62
378;OCHOA LEÓN (MATRIZ);62
379;PASAJE;62
380;PROGRESO;62
381;TRES CERRITOS;62
382;UZHCURRUMI;62
383;CAPIRO (CAB. EN LA CAPILLA DE CAPIRO);63
384;LA BOCANA;63
385;LA MATRIZ;63
386;LA SUSAYA;63
387;MOROMORO (CAB. EN EL VADO);63
388;PIEDRAS;63
389;PIÑAS;63
390;PIÑAS GRANDE;63
391;SAN ROQUE (AMBROSIO MALDONADO);63
392;SARACAY;63
393;CURTINCAPA;64
394;MORALES;64
395;PORTOVELO;64
396;SALATÍ;64
397;BALNEARIO JAMBELÍ (SATÉLITE);65
398;BELLAMARÍA;65
399;BELLAVISTA;65
400;JAMBELÍ;65
401;JUMÓN (SATÉLITE);65
402;LA AVANZADA;65
403;NUEVO SANTA ROSA;65
404;PUERTO JELÍ;65
405;SAN ANTONIO;65
406;SANTA ROSA;65
407;TORATA;65
408;VICTORIA;65
409;ABAÑÍN;66
410;ARCAPAMBA;66
411;GUANAZÁN;66
412;GUIZHAGUIÑA;66
413;HUERTAS;66
414;MALVAS;66
415;MULUNCAY GRANDE;66
416;SALVIAS;66
417;SINSAO;66
418;ZARUMA;66
419;ATACAMES;67
420;LA UNIÓN;67
421;SÚA (CAB. EN LA BOCANA);67
422;TONCHIGÜE;67
423;TONSUPA;67
424;ANCHAYACU;68
425;ATAHUALPA (CAB. EN CAMARONES);68
426;BORBÓN;68
427;COLÓN ELOY DEL MARÍA;68
428;LA TOLA;68
429;LUIS VARGAS TORRES (CAB. EN PLAYA DE ORO);68
430;MALDONADO;68
431;PAMPANAL DE BOLÍVAR;68
432;SAN FRANCISCO DE ONZOLE;68
433;SAN JOSÉ DE CAYAPAS;68
434;SANTO DOMINGO DE ONZOLE;68
435;SELVA ALEGRE;68
436;TELEMBÍ;68
437;TIMBIRÉ;68
438;VALDEZ (LIMONES);68
439;5 DE AGOSTO;69
440;ATACAMES;69
441;BARTOLOMÉ RUIZ (CÉSAR FRANCO CARRIÓN);69
442;CAMARONES (CAB. EN SAN VICENTE);69
443;CHINCA;69
444;CHONTADURO;69
445;CHUMUNDÉ;69
446;CRNEL. CARLOS CONCHA TORRES (CAB.EN HUELE);69
447;ESMERALDAS;69
448;LA UNIÓN;69
449;LAGARTO;69
450;LUIS TELLO (LAS PALMAS);69
451;MAJUA;69
452;MONTALVO (CAB. EN HORQUETA);69
453;RÍO VERDE;69
454;ROCAFUERTE;69
455;SAN MATEO;69
456;SIMÓN PLATA TORRES;69
457;SÚA (CAB. EN LA BOCANA);69
458;TABIAZO;69
459;TACHINA;69
460;TONCHIGÜE;69
461;VUELTA LARGA;69
462;LA CONCORDIA;70
463;LA VILLEGAS;70
464;MONTERREY;70
465;PLAN PILOTO;70
466;BOLÍVAR;71
467;DAULE;71
468;GALERA;71
469;MUISNE;71
470;QUINGUE (OLMEDO PERDOMO FRANCO);71
471;SALIMA;71
472;SAN FRANCISCO;71
473;SAN GREGORIO;71
474;SAN JOSÉ DE CHAMANGA (CAB.EN CHAMANGA);71
475;CHURA (CHANCAMA) (CAB. EN EL YERBERO);72
476;CUBE;72
477;LA UNIÓN;72
478;MALIMPIA;72
479;ROSA ZÁRATE (QUININDÉ);72
480;VICHE;72
481;CHONTADURO;73
482;CHUMUNDÉ;73
483;LAGARTO;73
484;MONTALVO (CAB. EN HORQUETA);73
485;RIOVERDE;73
486;ROCAFUERTE;73
487;5 DE JUNIO (CAB. EN UIMBI);74
488;ALTO TAMBO (CAB. EN GUADUAL);74
489;ANCÓN (PICHANGAL) (CAB. EN PALMA REAL);74
490;CALDERÓN;74
491;CARONDELET;74
492;CONCEPCIÓN;74
493;MATAJE (CAB. EN SANTANDER);74
494;SAN JAVIER DE CACHAVÍ (CAB. EN SAN JAVIER);74
495;SAN LORENZO;74
496;SANTA RITA;74
497;TAMBILLO;74
498;TULULBÍ (CAB. EN RICAURTE);74
499;URBINA;74
500;PUERTO VILLAMIL;75
501;TOMÁS DE BERLANGA (SANTO TOMÁS);75
502;A SANTA MARÍA (FLOREANA) (CAB. EN PTO. VELASCO IBARR;76
503;EL PROGRESO;76
504;PUERTO BAQUERIZO MORENO;76
505;BELLAVISTA;77
506;PUERTO AYORA;77
507;SANTA ROSA (INCLUYE LA ISLA BALTRA);77
508;BALAO;78
509;BALZAR;79
510;COLIMES;80
511;SAN JACINTO;80
512;BANIFE;81
513;DAULE;81
514;EMILIANO CAICEDO MARCOS;81
515;ISIDRO AYORA (SOLEDAD);81
516;JUAN BAUTISTA AGUIRRE (LOS TINTOS);81
517;LA AURORA (SATÉLITE);81
518;LAUREL;81
519;LIMONAL;81
520;LOMAS DE SARGENTILLO;81
521;LOS LOJAS (ENRIQUE BAQUERIZO MORENO);81
522;MAGRO;81
523;PADRE JUAN BAUTISTA AGUIRRE;81
524;PIEDRAHITA (NOBOL);81
525;SANTA CLARA;81
526;VICENTE PIEDRAHITA;81
527;EL RECREO;82
528;ELOY ALFARO (DURÁN);82
529;EL ROSARIO;83
530;GUAYAS (PUEBLO NUEVO);83
531;VELASCO IBARRA (EL EMPALME);83
532;EL TRIUNFO;84
533;GENERAL ANTONIO ELIZALDE (BUCAY);85
534;AYACUCHO;86
535;BOLÍVAR (SAGRARIO);86
536;CARBO (CONCEPCIÓN);86
537;CHONGÓN;86
538;FEBRES CORDERO;86
539;GARCÍA MORENO;86
540;GUAYAQUIL;86
541;JUAN GÓMEZ RENDÓN (PROGRESO);86
542;LETAMENDI;86
543;MORRO;86
544;NUEVE DE OCTUBRE;86
545;OLMEDO (SAN ALEJO);86
546;PASCUALES;86
547;PLAYAS (GRAL. VILLAMIL);86
548;POSORJA;86
549;PUNÁ;86
550;ROCA;86
551;ROCAFUERTE;86
552;SUCRE;86
553;TARQUI;86
554;TENGUEL;86
555;URDANETA;86
556;XIMENA;86
557;ISIDRO AYORA;87
558;ISIDRO AYORA (SOLEDAD);88
559;LOMAS DE SARGENTILLO;88
560;CHOBO;89
561;GENERAL ELIZALDE (BUCAY);89
562;MARISCAL SUCRE (HUAQUES);89
563;MILAGRO;89
564;ROBERTO ASTUDILLO (CAB. EN CRUCE DE VENECIA);89
565;JESÚS MARÍA;90
566;NARANJAL;90
567;SAN CARLOS;90
568;SANTA ROSA DE FLANDES;90
569;TAURA;90
570;NARANJITO;91
571;NARCISA DE JESÚS;92
572;CORONEL MARCELINO MARIDUEÑA (SAN CARLOS);93
573;PALESTINA;94
574;PEDRO CARBO;95
575;SABANILLA;95
576;VALLE DE LA VIRGEN;95
577;GENERAL VILLAMIL (PLAYAS);96
578;BOCANA;97
579;CANDILEJOS;97
580;CENTRAL;97
581;EL SALITRE (LAS RAMAS);97
582;GRAL. VERNAZA (DOS ESTEROS);97
583;JUNQUILLAL;97
584;LA VICTORIA (ÑAUZA);97
585;PARAÍSO;97
586;SAN MATEO;97
587;LA PUNTILLA (SATÉLITE);98
588;SAMBORONDÓN;98
589;TARIFA;98
590;CRNEL. LORENZO DE GARAICOA (PEDREGAL);99
591;CRNEL. MARCELINO MARIDUEÑA (SAN CARLOS);99
592;GRAL. PEDRO J. MONTERO (BOLICHE);99
593;SAN JACINTO DE YAGUACHI;99
594;SIMÓN BOLÍVAR;99
595;VIRGEN DE FÁTIMA;99
596;YAGUACHI VIEJO (CONE);99
597;SANTA LUCÍA;100
598;CRNEL.LORENZO DE GARAICOA (PEDREGAL);101
599;SIMÓN BOLÍVAR;101
600;ALFREDO BAQUERIZO MORENO (JUJÁN);102
601;ANDRADE MARÍN (LOURDES);103
602;ATUNTAQUI;103
603;IMBAYA (SAN LUIS DE COBUENDO);103
604;SAN FRANCISCO DE NATABUELA;103
605;SAN JOSÉ DE CHALTURA;103
606;6 DE JULIO DE CUELLAJE (CAB. EN CUELLAJE);104
607;APUELA;104
608;COTACACHI;104
609;GARCÍA MORENO (LLURIMAGUA);104
610;IMANTAG;104
611;PEÑAHERRERA;104
612;PLAZA GUTIÉRREZ (CALVARIO);104
613;QUIROGA;104
614;SAGRARIO;104
615;SAN FRANCISCO;104
616;VACAS GALINDO (EL CHURO) (CAB.EN SAN MIGUEL ALTO;104
617;AMBUQUÍ;105
618;ANGOCHAGUA;105
619;CARANQUI;105
620;CAROLINA;105
621;GUAYAQUIL DE ALPACHACA;105
622;LA DOLOROSA DEL PRIORATO;105
623;LA ESPERANZA;105
624;LITA;105
625;SAGRARIO;105
626;SALINAS;105
627;SAN ANTONIO;105
628;SAN FRANCISCO;105
629;SAN MIGUEL DE IBARRA;105
630;DR. MIGUEL EGAS CABEZAS (PEGUCHE);106
631;EUGENIO ESPEJO (CALPAQUÍ);106
632;GONZÁLEZ SUÁREZ;106
633;JORDÁN;106
634;OTAVALO;106
635;PATAQUÍ;106
636;SAN JOSÉ DE QUICHINCHE;106
637;SAN JUAN DE ILUMÁN;106
638;SAN LUIS;106
639;SAN PABLO;106
640;SAN RAFAEL;106
641;SELVA ALEGRE (CAB.EN SAN MIGUEL DE PAMPLONA);106
642;CHUGÁ;107
643;MARIANO ACOSTA;107
644;PIMAMPIRO;107
645;SAN FRANCISCO DE SIGSIPAMBA;107
646;CAHUASQUÍ;108
647;LA MERCED DE BUENOS AIRES;108
648;PABLO ARENAS;108
649;SAN BLAS;108
650;TUMBABIRO;108
651;URCUQUÍ CABECERA CANTONAL;108
652;CARIAMANGA;109
653;CHILE;109
654;COLAISACA;109
655;EL LUCERO;109
656;SAN VICENTE;109
657;SANGUILLÍN;109
658;UTUANA;109
659;CATAMAYO;110
660;CATAMAYO (LA TOMA);110
661;EL TAMBO;110
662;GUAYQUICHUMA;110
663;SAN JOSÉ;110
664;SAN PEDRO DE LA BENDITA;110
665;ZAMBI;110
666;12 DE DICIEMBRE (CAB. EN ACHIOTES);111
667;CELICA;111
668;CHAQUINAL;111
669;CRUZPAMBA (CAB. EN CARLOS BUSTAMANTE);111
670;PINDAL (FEDERICO PÁEZ);111
671;POZUL (SAN JUAN DE POZUL);111
672;SABANILLA;111
673;TNTE. MAXIMILIANO RODRÍGUEZ LOAIZA;111
674;AMARILLOS;112
675;BUENAVISTA;112
676;CHAGUARPAMBA;112
677;EL ROSARIO;112
678;SANTA RUFINA;112
679;27 DE ABRIL (CAB. EN LA NARANJA);113
680;AMALUZA;113
681;BELLAVISTA;113
682;EL AIRO;113
683;EL INGENIO;113
684;JIMBURA;113
685;SANTA TERESITA;113
686;CHANGAIMINA (LA LIBERTAD);114
687;FUNDOCHAMBA;114
688;GONZANAMÁ;114
689;NAMBACOLA;114
690;PURUNUMA (EGUIGUREN);114
691;QUILANGA (LA PAZ);114
692;SACAPALCA;114
693;SAN ANTONIO DE LAS ARADAS (CAB. EN LAS ARADAS);114
694;CHANTACO;115
695;CHUQUIRIBAMBA;115
696;EL CISNE;115
697;EL SAGRARIO;115
698;GUALEL;115
699;JIMBILLA;115
700;LOJA;115
701;MALACATOS (VALLADOLID);115
702;QUINARA;115
703;SAN LUCAS;115
704;SAN PEDRO DE VILCABAMBA;115
705;SAN SEBASTIÁN;115
706;SANTIAGO;115
707;SUCRE;115
708;TAQUIL (MIGUEL RIOFRÍO);115
709;VALLE;115
710;VILCABAMBA (VICTORIA);115
711;YANGANA (ARSENIO CASTILLO);115
712;GENERAL ELOY ALFARO (SAN SEBASTIÁN);116
713;LA VICTORIA;116
714;LARAMA;116
715;MACARÁ;116
716;MACARÁ (MANUEL ENRIQUE RENGEL SUQUILANDA);116
717;SABIANGO (LA CAPILLA);116
718;LA TINGUE;117
719;OLMEDO;117
720;CANGONAMÁ;118
721;CASANGA;118
722;CATACOCHA;118
723;GUACHANAMÁ;118
724;LA TINGUE;118
725;LAURO GUERRERO;118
726;LOURDES;118
727;OLMEDO (SANTA BÁRBARA);118
728;ORIANGA;118
729;SAN ANTONIO;118
730;YAMANA;118
731;12 DE DICIEMBRE (CAB.EN ACHIOTES);119
732;CHAQUINAL;119
733;MILAGROS;119
734;PINDAL;119
735;ALAMOR;120
736;CIANO;120
737;EL ARENAL;120
738;EL LIMO (MARIANA DE JESÚS);120
739;MERCADILLO;120
740;VICENTINO;120
741;FUNDOCHAMBA;121
742;QUILANGA;121
743;SAN ANTONIO DE LAS ARADAS (CAB. EN LAS ARADAS);121
744;EL PARAÍSO DE CELÉN;122
745;EL TABLÓN;122
746;LLUZHAPA;122
747;MANÚ;122
748;SAN ANTONIO DE QUMBE (CUMBE);122
749;SAN PABLO DE TENTA;122
750;SAN SEBASTIÁN DE YÚLUC;122
751;SARAGURO;122
752;SELVA ALEGRE;122
753;SUMAYPAMBA;122
754;URDANETA (PAQUISHAPA);122
755;NUEVA FÁTIMA;123
756;SOZORANGA;123
757;TACAMOROS;123
758;BOLASPAMBA;124
759;GARZAREAL;124
760;LIMONES;124
761;MANGAHURCO (CAZADEROS);124
762;PALETILLAS;124
763;ZAPOTILLO;124
764;BABA;125
765;GUARE;125
766;ISLA DE BEJUCAL;125
767;BABAHOYO;126
768;BARREIRO;126
769;BARREIRO (SANTA RITA);126
770;CARACOL;126
771;CLEMENTE BAQUERIZO;126
772;DR. CAMILO PONCE;126
773;EL SALTO;126
774;FEBRES CORDERO (LAS JUNTAS);126
775;LA UNIÓN;126
776;PIMOCHA;126
777;11 DE OCTUBRE;127
778;7 DE AGOSTO;127
779;PATRICIA PILAR;127
780;SAN JACINTO DE BUENA FÉ;127
781;MOCACHE;128
782;MONTALVO;129
783;PALENQUE;130
784;PUEBLOVIEJO;131
785;PUERTO PECHICHE;131
786;SAN JUAN;131
787;24 DE MAYO;132
788;BUENA FÉ;132
789;GUAYACÁN;132
790;LA ESPERANZA;132
791;MOCACHE;132
792;NICOLÁS INFANTE DÍAZ;132
793;QUEVEDO;132
794;SAN CAMILO;132
795;SAN CARLOS;132
796;SAN CRISTÓBAL;132
797;SAN JOSÉ;132
798;SIETE DE OCTUBRE;132
799;VALENCIA;132
800;VENUS DEL RÍO QUEVEDO;132
801;VIVA ALFARO;132
802;QUINSALOMA;133
803;CATARAMA;134
804;RICAURTE;134
805;VALENCIA;135
806;10 DE NOVIEMBRE;136
807;CHACARITA;136
808;LOS ÁNGELES;136
809;QUINSALOMA;136
810;VENTANAS;136
811;ZAPOTAL;136
812;ANTONIO SOTOMAYOR (CAB. EN PLAYAS DE VINCES);137
813;PALENQUE;137
814;VINCES;137
815;ARQ. SIXTO DURÁN BALLÉN;138
816;BELLAVISTA;138
817;NOBOA;138
818;SUCRE;138
819;CALCETA;139
820;MEMBRILLO;139
821;QUIROGA;139
822;BOYACÁ;140
823;CANUTO;140
824;CHIBUNGA;140
825;CHONE;140
826;CONVENTO;140
827;ELOY ALFARO;140
828;RICAURTE;140
829;SAN ANTONIO;140
830;SANTA RITA;140
831;4 DE DICIEMBRE;141
832;EL CARMEN;141
833;SAN PEDRO DE SUMA;141
834;WILFRIDO LOOR MOREIRA (MAICITO);141
835;FLAVIO ALFARO;142
836;SAN FRANCISCO DE NOVILLO (CAB. EN;142
837;ZAPALLO;142
838;JAMA;143
839;JARAMIJÓ;144
840;AMÉRICA;145
841;DR. MIGUEL MORÁN LUCIO;145
842;EL ANEGADO (CAB. EN ELOY ALFARO);145
843;JIPIJAPA;145
844;JULCUY;145
845;LA UNIÓN;145
846;MACHALILLA;145
847;MANUEL INOCENCIO PARRALES Y GUALE;145
848;MEMBRILLAL;145
849;PEDRO PABLO GÓMEZ;145
850;PUERTO DE CAYO;145
851;PUERTO LÓPEZ;145
852;SAN LORENZO DE JIPIJAPA;145
853;JUNÍN;146
854;ELOY ALFARO;147
855;LOS ESTEROS;147
856;MANTA;147
857;SAN LORENZO;147
858;SAN MATEO;147
859;SANTA MARIANITA (BOCA DE PACOCHE);147
860;TARQUI;147
861;ANIBAL SAN ANDRÉS;148
862;EL COLORADO;148
863;GENERAL ELOY ALFARO;148
864;JARAMIJÓ;148
865;LA PILA;148
866;LEONIDAS PROAÑO;148
867;MONTECRISTI;148
868;OLMEDO;149
869;CAMPOZANO (LA PALMA DE PAJÁN);150
870;CASCOL;150
871;GUALE;150
872;LASCANO;150
873;PAJÁN;150
874;10 DE AGOSTO;151
875;ATAHUALPA;151
876;COJIMÍES;151
877;PEDERNALES;151
878;BARRAGANETE;152
879;PICHINCHA;152
880;SAN SEBASTIÁN;152
881;12 DE MARZO;153
882;18 DE OCTUBRE;153
883;ABDÓN CALDERÓN (SAN FRANCISCO);153
884;ALHAJUELA (BAJO GRANDE);153
885;ANDRÉS DE VERA;153
886;CHIRIJOS;153
887;COLÓN;153
888;CRUCITA;153
889;FRANCISCO PACHECO;153
890;PICOAZÁ;153
891;PORTOVIEJO;153
892;PUEBLO NUEVO;153
893;RIOCHICO (RÍO CHICO);153
894;SAN PABLO;153
895;SAN PLÁCIDO;153
896;SIMÓN BOLÍVAR;153
897;MACHALILLA;154
898;PUERTO LÓPEZ;154
899;SALANGO;154
900;ROCAFUERTE;155
901;CANOA;156
902;SAN VICENTE;156
903;AYACUCHO;157
904;HONORATO VÁSQUEZ (CAB. EN VÁSQUEZ);157
905;LA UNIÓN;157
906;LODANA;157
907;OLMEDO;157
908;SAN PABLO (CAB. EN PUEBLO NUEVO);157
909;SANTA ANA;157
910;SANTA ANA DE VUELTA LARGA;157
911;10 DE AGOSTO;158
912;BAHÍA DE CARÁQUEZ;158
913;CANOA;158
914;CHARAPOTÓ;158
915;COJIMÍES;158
916;JAMA;158
917;LEONIDAS PLAZA GUTIÉRREZ;158
918;PEDERNALES;158
919;SAN ISIDRO;158
920;SAN VICENTE;158
921;ANGEL PEDRO GILER (LA ESTANCILLA);159
922;BACHILLERO;159
923;TOSAGUA;159
924;AMAZONAS (ROSARIO DE CUYES);160
925;BERMEJOS;160
926;BOMBOIZA;160
927;CHIGÜINDA;160
928;EL IDEAL;160
929;EL ROSARIO;160
930;GUALAQUIZA;160
931;MERCEDES MOLINA;160
932;NUEVA TARQUI;160
933;SAN MIGUEL DE CUYES;160
934;CHIGUAZA;161
935;HUAMBOYA;161
936;PABLO SEXTO;161
937;GENERAL LEONIDAS PLAZA GUTIÉRREZ (LIMÓN);162
938;INDANZA;162
939;PAN DE AZÚCAR;162
940;SAN ANTONIO (CAB. EN SAN ANTONIO CENTRO;162
941;SAN CARLOS DE LIMÓN (SAN CARLOS DEL;162
942;SAN JUAN BOSCO;162
943;SAN MIGUEL DE CONCHAY;162
944;SANTA SUSANA DE CHIVIAZA (CAB. EN CHIVIAZA);162
945;YUNGANZA (CAB. EN EL ROSARIO);162
946;LOGROÑO;163
947;SHIMPIS;163
948;YAUPI;163
949;ALSHI (CAB. EN 9 DE OCTUBRE);164
950;CHIGUAZA;164
951;CUCHAENTZA;164
952;GENERAL PROAÑO;164
953;HUASAGA (CAB.EN WAMPUIK);164
954;MACAS;164
955;MACUMA;164
956;RÍO BLANCO;164
957;SAN ISIDRO;164
958;SAN JOSÉ DE MORONA;164
959;SEVILLA DON BOSCO;164
960;SINAÍ;164
961;TAISHA;164
962;TUUTINENTZA;164
963;ZUÑA (ZÚÑAC);164
964;PABLO SEXTO;165
965;ARAPICOS;166
966;CUMANDÁ (CAB. EN COLONIA AGRÍCOLA SEVILLA DEL ORO);166
967;HUAMBOYA;166
968;PALORA (METZERA);166
969;SANGAY (CAB. EN NAYAMANACA);166
970;PAN DE AZÚCAR;167
971;SAN CARLOS DE LIMÓN;167
972;SAN JACINTO DE WAKAMBEIS;167
973;SAN JUAN BOSCO;167
974;SANTIAGO DE PANANZA;167
975;CHUPIANZA;168
976;COPAL;168
977;PATUCA;168
978;SAN FRANCISCO DE CHINIMBIMI;168
979;SAN LUIS DE EL ACHO (CAB. EN EL ACHO);168
980;SANTIAGO;168
981;SANTIAGO DE MÉNDEZ;168
982;TAYUZA;168
983;ASUNCIÓN;169
984;HUAMBI;169
985;LOGROÑO;169
986;SANTA MARIANITA DE JESÚS;169
987;SUCÚA;169
988;YAUPI;169
989;HUASAGA (CAB. EN WAMPUIK);170
990;MACUMA;170
991;PUMPUENTSA;170
992;TAISHA;170
993;TUUTINENTZA;170
994;SAN JOSÉ DE MORONA;171
995;SANTIAGO;171
996;ARCHIDONA;172
997;AVILA;172
998;COTUNDO;172
999;LORETO;172
1000;PUERTO MURIALDO;172
1001;SAN PABLO DE USHPAYACU;172
1002;CARLOS JULIO AROSEMENA TOLA;173
1003;EL CHACO;174
1004;GONZALO DíAZ DE PINEDA (EL BOMBÓN);174
1005;LINARES;174
1006;OYACACHI;174
1007;SANTA ROSA;174
1008;SARDINAS;174
1009;BAEZA;175
1010;COSANGA;175
1011;CUYUJA;175
1012;PAPALLACTA;175
1013;SAN FRANCISCO DE BORJA (VIRGILIO DÁVILA);175
1014;SAN JOSÉ DEL PAYAMINO;175
1015;SUMACO;175
1016;AHUANO;176
1017;CARLOS JULIO AROSEMENA TOLA (ZATZA-YACU);176
1018;CHONTAPUNTA;176
1019;PANO;176
1020;PUERTO MISAHUALLI;176
1021;PUERTO NAPO;176
1022;SAN JUAN DE MUYUNA;176
1023;TÁLAG;176
1024;TENA;176
1025;ABRAHAM CALAZACÓN;177
1026;ALLURIQUÍN;177
1027;BOMBOLÍ;177
1028;CHIGUILPE;177
1029;EL ESFUERZO;177
1030;LUZ DE AMÉRICA;177
1031;PUERTO LIMÓN;177
1032;RÍO TOACHI;177
1033;RÍO VERDE;177
1034;SAN JACINTO DEL BÚA;177
1035;SANTA MARÍA DEL TOACHI;177
1036;SANTO DOMINGO DE LOS COLORADOS;177
1037;VALLE HERMOSO;177
1038;ZARACAY;177
1039;CAPITÁN AUGUSTO RIVADENEYRA;178
1040;CONONACO;178
1041;NUEVO ROCAFUERTE;178
1042;SANTA MARÍA DE HUIRIRIMA;178
1043;TIPITINI;178
1044;TIPUTINI;178
1045;YASUNÍ;178
1046;ENOKANQUI;179
1047;LA JOYA DE LOS SACHAS;179
1048;LAGO SAN PEDRO;179
1049;POMPEYA;179
1050;RUMIPAMBA;179
1051;SAN CARLOS;179
1052;SAN SEBASTIÁN DEL COCA;179
1053;TRES DE NOVIEMBRE;179
1054;UNIÓN MILAGREÑA;179
1055;AVILA (CAB. EN HUIRUNO);180
1056;LORETO;180
1057;PUERTO MURIALDO;180
1058;SAN JOSÉ DE DAHUANO;180
1059;SAN JOSÉ DE PAYAMINO;180
1060;SAN VICENTE DE HUATICOCHA;180
1061;ALEJANDRO LABAKA;181
1062;DAYUMA;181
1063;EL DORADO;181
1064;EL EDÉN;181
1065;GARCÍA MORENO;181
1066;INÉS ARANGO (CAB. EN WESTERN);181
1067;LA BELLEZA;181
1068;NUEVO PARAÍSO (CAB. EN UNIÓN;181
1069;PUERTO FRANCISCO DE ORELLANA (EL COCA);181
1070;SAN JOSÉ DE GUAYUSA;181
1071;SAN LUIS DE ARMENIA;181
1072;TARACOA (NUEVA ESPERANZA: YUCA);181
1073;ARAJUNO;182
1074;CURARAY;182
1075;MADRE TIERRA;183
1076;MERA;183
1077;SHELL;183
1078;ARAJUNO;184
1079;CANELOS;184
1080;CURARAY;184
1081;DIEZ DE AGOSTO;184
1082;EL TRIUNFO;184
1083;FÁTIMA;184
1084;MONTALVO (ANDOAS);184
1085;POMONA;184
1086;PUYO;184
1087;RÍO CORRIENTES;184
1088;RÍO TIGRE;184
1089;SANTA CLARA;184
1090;SARAYACU;184
1091;SIMÓN BOLÍVAR (CAB. EN MUSHULLACTA);184
1092;TARQUI;184
1093;TENIENTE HUGO ORTIZ;184
1094;VERACRUZ (INDILLAMA) (CAB. EN INDILLAMA);184
1095;SAN JOSÉ;185
1096;SANTA CLARA;185
1097;ASCÁZUBI;186
1098;AYORA;186
1099;CANGAHUA;186
1100;CAYAMBE;186
1101;JUAN MONTALVO;186
1102;OLMEDO (PESILLO);186
1103;OTÓN;186
1104;SANTA ROSA DE CUZUBAMBA;186
1105;ALÓAG;187
1106;ALOASÍ;187
1107;CUTUGLAHUA;187
1108;EL CHAUPI;187
1109;MACHACHI;187
1110;MANUEL CORNEJO ASTORGA (TANDAPI);187
1111;TAMBILLO;187
1112;UYUMBICHO;187
1113;LA ESPERANZA;188
1114;MALCHINGUÍ;188
1115;TABACUNDO;188
1116;TOCACHI;188
1117;TUPIGACHI;188
1118;PEDRO VICENTE MALDONADO;189
1119;PUERTO QUITO;190
1120;ALANGASÍ;191
1121;AMAGUAÑA;191
1122;ATAHUALPA;191
1123;BELISARIO QUEVEDO;191
1124;CALACALÍ;191
1125;CALDERÓN;191
1126;CARCELÉN;191
1127;CENTRO HISTÓRICO;191
1128;CHAVEZPAMBA;191
1129;CHECA;191
1130;CHILIBULO;191
1131;CHILLOGALLO;191
1132;CHIMBACALLE;191
1133;COCHAPAMBA;191
1134;COMITÉ DEL PUEBLO;191
1135;CONOCOTO;191
1136;COTOCOLLAO;191
1137;CUMBAYÁ;191
1138;EL CONDADO;191
1139;EL QUINCHE;191
1140;GUALEA;191
1141;GUAMANÍ;191
1142;GUANGOPOLO;191
1143;GUAYLLABAMBA;191
1144;IÑAQUITO;191
1145;ITCHIMBÍA;191
1146;JIPIJAPA;191
1147;KENNEDY;191
1148;LA ARGELIA;191
1149;LA CONCEPCIÓN;191
1150;LA ECUATORIANA;191
1151;LA FERROVIARIA;191
1152;LA LIBERTAD;191
1153;LA MAGDALENA;191
1154;LA MENA;191
1155;LA MERCED;191
1156;LLANO CHICO;191
1157;LLOA;191
1158;MARISCAL SUCRE;191
1159;MINDO;191
1160;NANEGAL;191
1161;NANEGALITO;191
1162;NAYÓN;191
1163;NONO;191
1164;PACTO;191
1165;PEDRO VICENTE MALDONADO;191
1166;PERUCHO;191
1167;PIFO;191
1168;PÍNTAG;191
1169;POMASQUI;191
1170;PONCEANO;191
1171;PUÉLLARO;191
1172;PUEMBO;191
1173;PUENGASÍ;191
1174;PUERTO QUITO;191
1175;QUITO DISTRITO METROPOLITANO;191
1176;QUITUMBE;191
1177;RUMIPAMBA;191
1178;SAN ANTONIO;191
1179;SAN BARTOLO;191
1180;SAN ISIDRO DEL INCA;191
1181;SAN JOSÉ DE MINAS;191
1182;SAN JUAN;191
1183;SAN MIGUEL DE LOS BANCOS;191
1184;SOLANDA;191
1185;TABABELA;191
1186;TUMBACO;191
1187;TURUBAMBA;191
1188;YARUQUÍ;191
1189;ZAMBIZA;191
1190;COTOGCHOA;192
1191;RUMIPAMBA;192
1192;SAN PEDRO DE TABOADA;192
1193;SAN RAFAEL;192
1194;SANGOLQUI;192
1195;SANGOLQUÍ;192
1196;MINDO;193
1197;PEDRO VICENTE MALDONADO;193
1198;PUERTO QUITO;193
1199;SAN MIGUEL DE LOS BANCOS;193
1200;LA LIBERTAD;194
1201;ANCONCITO;195
1202;CARLOS ESPINOZA LARREA;195
1203;GRAL. ALBERTO ENRÍQUEZ GALLO;195
1204;JOSÉ LUIS TAMAYO (MUEY);195
1205;SALINAS;195
1206;SANTA ROSA;195
1207;VICENTE ROCAFUERTE;195
1208;ATAHUALPA;196
1209;BALLENITA;196
1210;CHANDUY;196
1211;COLONCHE;196
1212;MANGLARALTO;196
1213;SAN JOSÉ DE ANCÓN;196
1214;SANTA ELENA;196
1215;SIMÓN BOLÍVAR (JULIO MORENO);196
1216;EL DORADO DE CASCALES;197
1217;SANTA ROSA DE SUCUMBÍOS;197
1218;SEVILLA;197
1219;AGUAS NEGRAS;198
1220;CUYABENO;198
1221;TARAPOA;198
1222;EL DORADO DE CASCALES;199
1223;EL REVENTADOR;199
1224;GONZALO PIZARRO;199
1225;LUMBAQUÍ;199
1226;PUERTO LIBRE;199
1227;SANTA ROSA DE SUCUMBÍOS;199
1228;AGUAS NEGRAS;200
1229;CUYABENO;200
1230;DURENO;200
1231;EL ENO;200
1232;GENERAL FARFÁN;200
1233;JAMBELÍ;200
1234;NUEVA LOJA;200
1235;PACAYACU;200
1236;SANTA CECILIA;200
1237;TARAPOA;200
1238;PALMA ROJA;201
1239;PUERTO BOLÍVAR (PUERTO MONTÚFAR);201
1240;PUERTO EL CARMEN DEL PUTUMAYO;201
1241;PUERTO RODRÍGUEZ;201
1242;SANTA ELENA;201
1243;LIMONCOCHA;202
1244;PAÑACOCHA;202
1245;SAN PEDRO DE LOS COFANES;202
1246;SAN ROQUE (CAB. EN SAN VICENTE);202
1247;SHUSHUFINDI;202
1248;SIETE DE JULIO;202
1249;EL PLAYÓN DE SAN FRANCISCO;203
1250;LA BONITA;203
1251;LA SOFÍA;203
1252;ROSA FLORIDA;203
1253;SANTA BÁRBARA;203
1254;AMBATILLO;204
1255;AMBATO;204
1256;ATAHUALPA (CHISALATA);204
1257;ATOCHA – FICOA;204
1258;AUGUSTO N. MARTÍNEZ (MUNDUGLEO);204
1259;CELIANO MONGE;204
1260;CONSTANTINO FERNÁNDEZ (CAB. EN CULLITAHUA);204
1261;CUNCHIBAMBA;204
1262;HUACHI CHICO;204
1263;HUACHI GRANDE;204
1264;HUACHI LORETO;204
1265;IZAMBA;204
1266;JUAN BENIGNO VELA;204
1267;LA MERCED;204
1268;LA PENÍNSULA;204
1269;MATRIZ;204
1270;MONTALVO;204
1271;PASA;204
1272;PICAIGUA;204
1273;PILAGÜÍN (PILAHÜÍN);204
1274;PISHILATA;204
1275;QUISAPINCHA (QUIZAPINCHA);204
1276;SAN BARTOLOMÉ DE PINLLOG;204
1277;SAN FERNANDO (PASA SAN FERNANDO);204
1278;SAN FRANCISCO;204
1279;SANTA ROSA;204
1280;TOTORAS;204
1281;UNAMUNCHO;204
1282;BAÑOS DE AGUA SANTA;205
1283;LLIGUA;205
1284;RÍO NEGRO;205
1285;RÍO VERDE;205
1286;ULBA;205
1287;CEVALLOS;206
1288;MOCHA;207
1289;PINGUILÍ;207
1290;EL TRIUNFO;208
1291;LOS ANDES (CAB. EN POATUG);208
1292;PATATE;208
1293;SUCRE (CAB. EN SUCRE-PATATE URCU);208
1294;QUERO;209
1295;RUMIPAMBA;209
1296;YANAYACU - MOCHAPATA (CAB. EN YANAYACU);209
1297;BENÍTEZ (PACHANLICA);210
1298;BOLÍVAR;210
1299;CHIQUICHA (CAB. EN CHIQUICHA GRANDE);210
1300;COTALÓ;210
1301;EL ROSARIO (RUMICHACA);210
1302;GARCÍA MORENO (CHUMAQUI);210
1303;GUAMBALÓ (HUAMBALÓ);210
1304;PELILEO;210
1305;PELILEO GRANDE;210
1306;SALASACA;210
1307;BAQUERIZO MORENO;211
1308;CIUDAD NUEVA;211
1309;EMILIO MARÍA TERÁN (RUMIPAMBA);211
1310;MARCOS ESPINEL (CHACATA);211
1311;PÍLLARO;211
1312;PRESIDENTE URBINA (CHAGRAPAMBA -PATZUCUL);211
1313;SAN ANDRÉS;211
1314;SAN JOSÉ DE POALÓ;211
1315;SAN MIGUELITO;211
1316;QUINCHICOTO;212
1317;TISALEO;212
1318;PANGUINTZA;213
1319;PAQUISHA;213
1320;TRIUNFO-DORADO;213
1321;ZUMBI;213
1322;CHITO;214
1323;EL CHORRO;214
1324;EL PORVENIR DEL CARMEN;214
1325;LA CHONTA;214
1326;PALANDA;214
1327;PUCAPAMBA;214
1328;SAN ANDRÉS;214
1329;SAN FRANCISCO DEL VERGEL;214
1330;VALLADOLID;214
1331;ZUMBA;214
1332;EL GUISME;215
1333;EL PANGUI;215
1334;PACHICUTZA;215
1335;TUNDAYME;215
1336;GUAYZIMI;216
1337;NUEVO PARAÍSO;216
1338;ZURMI;216
1339;EL PORVENIR DEL CARMEN;217
1340;LA CANELA;217
1341;PALANDA;217
1342;SAN FRANCISCO DEL VERGEL;217
1343;VALLADOLID;217
1344;BELLAVISTA;218
1345;NUEVO QUITO;218
1346;PAQUISHA;218
1347;28 DE MAYO (SAN JOSÉ DE YACUAMBI);219
1348;LA PAZ;219
1349;TUTUPALI;219
1350;CHICAÑA;220
1351;EL PANGUI;220
1352;LOS ENCUENTROS;220
1353;YANTZAZA (YANZATZA);220
1354;CUMBARATZA;221
1355;EL LIMÓN;221
1356;GUADALUPE;221
1357;IMBANA (LA VICTORIA DE IMBANA);221
1358;PAQUISHA;221
1359;SABANILLA;221
1360;SAN CARLOS DE LAS MINAS;221
1361;TIMBARA;221
1362;ZAMORA;221
1363;ZUMBI;221
